<!--
  ~ Copyright 2010 the original author or authors.
  ~
  ~ Licensed under the Apache License, Version 2.0 (the "License");
  ~ you may not use this file except in compliance with the License.
  ~ You may obtain a copy of the License at
  ~
  ~      http://www.apache.org/licenses/LICENSE-2.0
  ~
  ~ Unless required by applicable law or agreed to in writing, software
  ~ distributed under the License is distributed on an "AS IS" BASIS,
  ~ WITHOUT WARRANTIES OR CONDITIONS OF ANY KIND, either express or implied.
  ~ See the License for the specific language governing permissions and
  ~ limitations under the License.
  -->
<!DOCTYPE module PUBLIC
        "-//Puppy Crawl//DTD Check Configuration 1.2//EN"
        "http://www.puppycrawl.com/dtds/configuration_1_2.dtd">
<module name="Checker">
    <module name="SuppressionFilter">
        <property name="file" value="${checkstyleConfigDir}/suppressions.xml"/>
    </module>
    <module name="JavadocPackage"/>

    <module name="TreeWalker">
        <module name="JavadocStyle">
            <property name="checkFirstSentence" value="false"/>
            <property name="checkEmptyJavadoc" value="true"/>
        </module>

        <module name="JavadocType">
            <property name="scope" value="package"/>
        </module>

        <!-- TODO - switch this on -->
        <!--<module name="JavadocMethod">-->
            <!--<property name="scope" value="package"/>-->
        <!--</module>-->

    </module>
</module>