<?xml version="1.0"?>

<!DOCTYPE suppressions PUBLIC
    "-//Puppy Crawl//DTD Suppressions 1.1//EN"
    "http://www.puppycrawl.com/dtds/suppressions_1_1.dtd">

<suppressions>
    <!-- These packages are duplicated in core, don't require a package-info.java in each place -->
    <suppress checks="JavadocPackage"
              files=".*[/\\]subprojects[/\\]maven[/\\]src[/\\]main[/\\]groovy[/\\]org[/\\]gradle[/\\]api[/\\]plugins[/\\][^/\\]+"/>
    <suppress checks="JavadocPackage"
              files=".*[/\\]subprojects[/\\]plugins[/\\]src[/\\]main[/\\]groovy[/\\]org[/\\]gradle[/\\]api[/\\]plugins[/\\][^/\\]+"/>
    <suppress checks="JavadocPackage"
              files=".*[/\\]subprojects[/\\]reporting[/\\]src[/\\]main[/\\]groovy[/\\]org[/\\]gradle[/\\]api[/\\]plugins[/\\][^/\\]+"/>
    <suppress checks="JavadocPackage"
              files=".*[/\\]subprojects[/\\]diagnostics[/\\]src[/\\]main[/\\]groovy[/\\]org[/\\]gradle[/\\]api[/\\]plugins[/\\][^/\\]+"/>
    <suppress checks="JavadocPackage"
              files=".*[/\\]subprojects[/\\]plugins[/\\]src[/\\]main[/\\]groovy[/\\]org[/\\]gradle[/\\]api[/\\]tasks[/\\][^/\\]+"/>
    <suppress checks="JavadocPackage"
              files=".*[/\\]subprojects[/\\]scala[/\\]src[/\\]main[/\\]groovy[/\\]org[/\\]gradle[/\\]api[/\\]tasks[/\\][^/\\]+"/>
    <suppress checks="JavadocPackage"
              files=".*[/\\]subprojects[/\\]base-services[/\\]src[/\\]main[/\\]java[/\\]org[/\\]gradle[/\\]api[/\\][^/\\]+"/>
    <suppress checks="JavadocPackage"
              files=".*[/\\]subprojects[/\\]base-services-groovy[/\\]src[/\\]main[/\\]groovy[/\\]org[/\\]gradle[/\\]api[/\\][^/\\]+"/>
    <suppress checks="JavadocPackage"
              files=".*[/\\]subprojects[/\\]base-services-groovy[/\\]src[/\\]main[/\\]groovy[/\\]org[/\\]gradle[/\\]api[/\\]specs[/\\][^/\\]+"/>
    <!-- Don't require api docs for projects only used internally -->
    <suppress checks="Javadoc.*"
              files=".*[/\\]subprojects[/\\]internal-.+[/\\]src[/\\]main[/\\].+"/>

    <!-- JavaScript plugin is incubating -->
    <suppress checks="Javadoc.*"
              files=".*[/\\]subprojects[/\\]javascript[/\\].+"/>


</suppressions>